Name;Type;RA;Dec;MajAx;MinAx;PosAng;V-Mag;B-Mag;Common names
Abell 1;PN;00:12:55.00;+69:10:24.0;0.78;0.78;90;;;
Abell 2;PN;00:45:34.68;+57:57:34.9;0.52;0.52;90;;;
Abell 3;PN;02:12:06.66;+64:09:02.3;1.00;1.00;90;;;
Abell 4;PN;02:45:23.65;+42:33:04.6;0.33;0.33;90;;;
Abell 5;PN;02:52:15.07;+50:35:54.1;2.12;2.12;90;;;
Abell 6;PN;02:58:41.86;+64:30:06.3;3.10;3.10;90;;;
Abell 7;PN;05:03:07.53;-15:36:22.7;12.73;12.73;90;;;
Abell 8;PN;05:06:38.42;+39:08:08.7;1.00;1.00;90;;;
Abell 9;PN;05:28:56.70;+36:03:05.0;0.62;0.62;90;;;
Abell 10;PN;05:31:45.50;+06:56:01.6;0.33;0.33;90;;;
Abell 11;PN;05:37:21.57;+08:15:29.3;0.32;0.24;80;;;
Abell 12;PN;06:02:20.05;+09:39:14.1;0.62;0.62;90;;;
Abell 13;PN;06:04:47.90;+03:56:35.8;2.54;2.54;90;;;
Abell 14;PN;06:11:08.66;+11:46:43.8;0.55;0.55;90;;;
Abell 15;PN;06:27:02.04;-25:22:49.7;0.57;0.57;90;;;
Abell 16;PN;06:43:55.42;+61:47:24.7;2.35;2.35;90;;;
Abell 17;PN;06:48:38.02;-09:32:38.7;0.71;0.71;90;;;
Abell 18;PN;06:56:14.66;-02:53:07.8;1.22;1.22;90;;;
Abell 19;PN;06:59:56.43;+14:36:34.0;1.12;1.12;90;;;
Abell 20;PN;07:22:57.67;+01:45:33.9;1.12;1.12;90;;;
Abell 21;PN;07:29:02.71;+13:14:48.6;10.25;10.25;90;;;
Abell 22;PN;07:36:07.92;+02:42:27.5;1.40;1.40;;;;
Abell 23;PN;07:43:17.98;-34:45:15.6;0.90;0.90;90;;;
Abell 24;PN;07:51:37.55;+03:00:21.2;5.91;5.91;90;;;
Abell 25;PN;08:06:46.50;-02:52:35.2;2.77;2.77;90;;;
Abell 26;PN;08:09:01.64;-32:40:24.9;0.67;0.67;90;;;
Abell 27;PN;08:31:52.63;-32:06:08.7;0.72;0.72;90;;;
Abell 28;PN;08:41:35.55;+58:13:48.4;4.47;4.47;90;;;
Abell 29;PN;08:40:18.92;-20:54:36.6;;;;;;
Abell 30;PN;08:46:53.46;+17:52:46.4;0.29;0.13;75;;;
Abell 31;PN;08:54:13.16;+08:53:52.9;16.20;16.20;90;;;
Abell 32;PN;09:16:24.80;+03:53:26.0;2.23;2.23;90;;;
Abell 33;PN;09:39:09.14;-02:48:30.5;4.47;4.47;90;;;
Abell 34;PN;09:45:35.34;-13:10:15.8;4.83;4.83;90;;;
Abell 35;PN;12:53:32.79;-22:52:22.6;12.87;12.87;90;;;
Abell 36;PN;13:40:41.35;-19:52:55.3;6.12;6.12;90;;;
Abell 37;PN;14:04:25.92;-17:13:40.6;0.78;0.78;90;;;
Abell 38;PN;16:23:19.01;-31:44:58.6;1.53;1.53;90;;;
Abell 39;PN;16:27:33.72;+27:54:33.5;2.90;2.90;90;;;
Abell 40;PN;16:48:34.52;-21:00:50.7;0.57;0.57;90;;;
Abell 41;PN;17:29:02.03;-15:13:04.5;0.31;0.31;90;;;
Abell 42;PN;17:31:29.07;-08:19:09.9;;;;;;
Abell 43;PN;17:53:32.28;+10:37:24.2;1.33;1.33;90;;;
Abell 44;PN;18:30:11.24;-16:45:26.3;0.10;0.94;47;;;
Abell 45;PN;18:30:15.42;-11:36:57.4;;;;;;
Abell 46;PN;18:31:18.59;+26:56:12.1;1.06;1.06;90;;;
Abell 47;PN;18:35:22.56;-00:13:51.1;;;;;;
Abell 48;PN;18:42:46.92;-03:13:17.3;0.70;0.70;90;;;
Abell 49;PN;18:53:28.29;-06:28:46.8;;;;;;
Abell 50;PN;18:59:20.03;+48:27:55.2;0.45;0.45;90;;;
Abell 51;PN;19:01:01.39;-18:12:15.3;1.12;1.12;90;;;
Abell 52;PN;19:04:32.34;+17:57:07.1;;;;;;
Abell 53;PN;19:06:45.91;+06:23:52.5;0.52;0.52;90;;;
Abell 54;PN;19:08:39.51;+22:58:59.5;0.93;0.93;90;;;
Abell 55;PN;19:10:25.77;-02:20:23.5;0.80;0.80;90;;;
Abell 56;PN;19:13:06.09;+02:52:47.3;;;;;;
Abell 57;PN;19:17:05.66;+25:37:32.9;;;;;;
Abell 58;PN;19:18:20.48;+01:46:59.6;;;;;;
Abell 59;PN;19:18:40.00;+19:34:33.0;1.43;1.43;90;;;
Abell 60;PN;19:19:17.79;-12:14:36.1;1.23;1.23;90;;;
Abell 61;PN;19:19:10.20;+46:14:52.0;;;;;;
Abell 62;PN;19:33:17.89;+10:36:59.8;2.68;2.68;90;;;
Abell 63;PN;19:42:10.29;+17:05:14.5;;;;;;
Abell 64;PN;19:45:34.82;+05:33:51.7;0.58;0.54;35;;;
Abell 65;PN;19:46:34.21;-23:08:13.0;1.80;1.80;;;;
Abell 66;PN;19:57:31.50;-21:36:46.2;4.45;4.45;90;;;
Abell 67;PN;19:58:27.02;+03:03:00.0;1.12;1.12;90;;;
Abell 68;PN;20:00:10.60;+21:42:56.0;;;;;;
Abell 69;PN;20:19:58.34;+38:24:02.2;0.37;0.37;90;;;
Abell 70;PN;20:31:33.21;-07:05:18.0;0.70;0.70;90;;;
Abell 71;PN;20:32:23.22;+47:20:50.4;2.63;2.63;90;;;
Abell 72;PN;20:50:02.05;+13:33:29.5;2.12;2.12;90;;;
Abell 73;PN;20:56:27.03;+57:26:03.1;1.22;1.22;90;;;
Abell 74;PN;21:16:52.34;+24:08:51.1;;;;;;
Abell 75;PN;21:26:23.54;+62:53:31.8;0.95;0.95;90;;;
Abell 76;PN;21:30:03.79;-02:48:29.2;;;;;;
Abell 77;PN;21:32:09.89;+55:52:53.0;1.21;0.99;30;;;
Abell 78;PN;21:35:29.38;+31:41:45.4;1.78;1.78;90;;;
Abell 79;PN;22:26:17.27;+54:49:38.2;0.90;0.90;90;;;
Abell 80;PN;22:34:45.61;+52:26:05.8;1.83;1.83;90;;;
Abell 81;PN;22:42:24.62;+80:26:31.2;0.57;0.57;90;;;
Abell 82;PN;23:45:47.75;+57:03:58.4;1.35;1.35;90;;;
Abell 83;PN;23:46:46.71;+54:44:37.7;0.78;0.78;;;;
Abell 84;PN;23:47:44.05;+51:23:57.2;1.58;1.58;90;;;
Abell 85;PN;23:59:13.00;+62:26:12.0;34.00;34.00;90;;;
Abell 86;PN;00:01:30.97;+70:42:29.9;1.05;1.05;;;;
Sh2-1;HII;15:58:48.00;-26:07:00.0;;;;;;
Sh2-10;HII;17:19:00.00;-34:05:00.0;;;;;;
Sh2-100;HII;20:01:44.70;+33:31:14.0;;;;;;
Sh2-101;HII;19:59:55.00;+35:16:36.0;;;;;;
Sh2-102;HII;20:31:42.00;+30:36:00.0;;;;;;
Sh2-103;HII;20:51:00.00;+30:40:00.0;230.00;160.00;;;;
Sh2-104;HII;20:17:52.50;+36:49:24.0;7.00;7.00;90;;;
Sh2-105;HII;20:21:38.20;+37:31:11.0;;;;;;
Sh2-106;HII;20:27:26.84;+37:22:48.9;;;;;;
Sh2-107;HII;20:42:37.00;+36:20:48.0;;;;;;
Sh2-108;HII;20:20:39.25;+39:37:51.9;;;;;;
Sh2-109;HII;20:33:36.00;+40:20:00.0;;;;;;
Sh2-11;HII;17:24:44.40;-34:12:10.8;6.20;6.20;0;;;
Sh2-110;HII;21:20:48.00;+32:27:00.0;;;;;;
Sh2-111;HII;21:41:54.00;+30:06:00.0;;;;;;
Sh2-112;HII;20:33:49.00;+45:38:00.0;;;;;;
Sh2-113;HII;21:20:48.00;+38:05:00.0;;;;;;
Sh2-114;HII;21:21:12.00;+38:42:00.0;;;;;;
Sh2-115;HII;20:35:02.00;+47:02:24.0;;;;;;
Sh2-116;HII;20:32:23.22;+47:20:50.4;2.63;2.63;90;;;
Sh2-117;HII;20:58:47.00;+44:19:48.0;;;;;;
Sh2-118;HII;21:37:00.00;+40:13:00.0;;;;;;
Sh2-119;HII;21:18:30.00;+43:56:00.0;;;;;;
Sh2-12;HII;17:35:45.00;-32:35:05.0;;;;;;
Sh2-120;HII;21:03:45.01;+49:51:59.5;;;;;;
Sh2-121;HII;21:05:15.92;+49:39:52.5;2.92;2.13;90;;;
Sh2-122;HII;23:08:48.00;+14:55:00.0;;;;;;
Sh2-123;HII;21:42:18.00;+44:32:00.0;;;;;;
Sh2-124;HII;21:38:25.62;+50:23:04.0;12.88;6.15;90;;;
Sh2-125;HII;21:53:29.35;+47:15:24.8;34.53;34.53;32767;;;
Sh2-126;HII;22:34:37.90;+40:40:00.0;;;;;;
Sh2-127;HII;21:28:41.56;+54:36:59.9;2.78;1.85;90;;;
Sh2-128;HII;21:32:09.89;+55:52:53.0;1.21;0.99;30;;;
Sh2-129;HII;21:11:48.00;+59:57:00.0;;;;;;
Sh2-13;HII;17:30:24.00;-31:33:00.0;;;;;;
Sh2-130;HII;20:43:00.00;+63:13:00.0;;;;;;
Sh2-131;HII;21:37:06.68;+57:30:53.1;;;;;;
Sh2-132;HII;22:19:09.00;+56:04:44.8;;;;;;
Sh2-133;HII;21:29:00.00;+64:18:00.0;;;;;;
Sh2-134;HII;22:12:44.20;+58:59:56.0;;;;;;
Sh2-135;HII;22:22:11.60;+58:44:18.0;5.88;3.42;90;;;
Sh2-136;HII;21:16:26.00;+68:15:36.0;;;;;;
Sh2-137;HII;21:57:12.00;+64:41:00.0;;;;;;
Sh2-138;HII;22:32:45.70;+58:28:20.0;;;;;;
Sh2-139;HII;22:35:00.00;+58:13:00.0;;;;;;
Sh2-14;HII;17:30:18.00;-30:15:00.0;;;;;;
Sh2-140;HII;22:19:07.80;+63:17:07.0;35.00;25.00;;;;
Sh2-141;HII;22:28:38.40;+61:37:51.0;7.38;3.23;90;;;
Sh2-142;HII;22:47:32.00;+58:02:54.0;;;;;;
Sh2-143;HII;22:50:12.00;+57:42:00.0;;;;;;
Sh2-144;HII;22:44:48.00;+59:53:00.0;;;;;;
Sh2-145;HII;22:25:30.00;+64:18:00.0;;;;;;
Sh2-146;HII;22:49:29.00;+59:54:56.2;0.96;0.77;20;;;
Sh2-147;HII;22:55:42.00;+58:28:00.0;;;;;;
Sh2-148;HII;22:56:18.00;+58:31:00.0;3.02;1.58;90;;;
Sh2-149;HII;22:56:16.90;+58:31:22.8;;;;;;
Sh2-15;HII;17:50:30.00;-31:16:00.0;;;;;;
Sh2-150;HII;22:29:15.85;+64:51:08.1;;;;;;
Sh2-151;HII;23:03:26.50;+57:13:30.0;;;;;;
Sh2-152;HII;22:58:40.81;+58:46:59.2;1.05;0.90;140;;;
Sh2-153;HII;22:58:37.00;+58:46:48.0;;;;;;
Sh2-154;HII;22:51:30.00;+61:10:00.0;;;;;;
Sh2-155;HII;22:57:05.91;+62:38:09.3;5.25;3.60;90;;;
Sh2-156;HII;23:05:09.90;+60:14:31.0;1.80;1.80;90;;;
Sh2-157;HII;23:16:03.94;+60:02:00.9;3.32;1.68;90;;;
Sh2-158;HII;23:13:37.20;+61:30:00.0;;;;;;
Sh2-159;HII;23:15:31.24;+61:07:10.2;1.27;1.07;115;;;
Sh2-16;HII;17:46:37.20;-29:23:07.0;;;;;;
Sh2-160;HII;23:05:48.00;+64:40:00.0;;;;;;
Sh2-161;HII;23:15:29.30;+61:51:43.0;;;;;;
Sh2-162;HII;23:20:48.30;+61:12:06.0;41.67;41.67;32767;;;
Sh2-163;HII;23:32:57.89;+60:48:01.4;;;;;;
Sh2-164;HII;23:38:23.70;+59:58:40.0;;;;;;
Sh2-165;HII;23:39:48.00;+61:56:00.0;;;;;;
Sh2-166;HII;23:40:11.00;+60:57:36.0;;;;;;
Sh2-167;HII;23:35:30.42;+64:52:18.9;4.62;1.83;90;;;
Sh2-168;HII;23:52:56.50;+60:29:04.0;5.80;3.03;90;;;
Sh2-169;HII;23:54:00.00;+60:22:00.0;;;;;;
Sh2-17;HII;17:46:12.00;-28:51:00.0;;;;;;
Sh2-170;HII;00:01:44.09;+64:38:08.7;26.53;26.53;0;;;
Sh2-171;HII;00:01:08.58;+67:25:17.0;22.80;22.80;90;;;
Sh2-172;HII;00:15:29.13;+61:14:41.1;;;;;;
Sh2-173;HII;00:21:16.00;+61:43:30.0;;;;;;
Sh2-174;HII;23:45:02.27;+80:56:59.6;;;;;;
Sh2-175;HII;00:27:17.09;+64:42:23.3;4.20;1.70;90;;;
Sh2-176;HII;00:31:48.60;+57:22:58.4;;;;;;
Sh2-177;HII;00:31:30.00;+62:28:00.0;;;;;;
Sh2-178;HII;22:19:48.00;+87:45:00.0;;;;;;
Sh2-179;HII;00:40:21.61;+62:51:34.3;0.67;0.67;;;;
Sh2-18;HII;17:48:48.00;-29:15:00.0;;;;;;
Sh2-180;HII;00:48:48.00;+62:55:00.0;;;;;;
Sh2-181;HII;00:49:22.02;+65:15:37.2;;;;;;
Sh2-182;HII;00:50:18.00;+64:44:00.0;;;;;;
Sh2-183;HII;00:54:52.88;+65:53:55.0;;;;;;
Sh2-184;HII;00:52:25.10;+56:33:54.0;;;;;;
Sh2-185;HII;01:00:00.00;+60:59:00.0;;;;;;
Sh2-186;HII;01:08:50.51;+63:07:34.2;3.32;1.55;90;;;
Sh2-187;HII;01:22:58.06;+61:48:16.7;;;;;;
Sh2-188;HII;01:30:33.18;+58:24:50.3;;;;;;
Sh2-189;HII;02:12:06.66;+64:09:02.3;1.00;1.00;90;;;
Sh2-19;HII;17:49:24.00;-29:07:00.0;;;;;;
Sh2-190;HII;02:32:50.40;+61:28:16.0;13.30;13.30;0;;;
Sh2-191;HII;02:36:35.47;+59:39:17.5;;;;;;
Sh2-192;HII;02:47:24.01;+61:54:47.6;;;;;;
Sh2-193;HII;02:47:40.00;+61:58:36.0;4.23;2.10;90;;;
Sh2-194;HII;02:47:18.00;+61:56:00.0;;;;;;
Sh2-195;HII;02:41:43.00;+59:36:12.0;;;;;;
Sh2-196;HII;02:51:33.70;+62:12:42.0;;;;;;
Sh2-197;HII;02:41:55.09;+59:36:14.7;;;;;;
Sh2-198;HII;02:50:02.00;+59:42:00.0;;;;;;
Sh2-199;HII;02:51:25.20;+60:25:08.0;24.00;24.00;0;;;
Sh2-2;HII;17:04:06.00;-38:08:00.0;;;;;;
Sh2-20;HII;17:47:08.00;-28:46:30.0;;;;;;
Sh2-200;HII;03:10:58.86;+62:47:54.9;;;;;;
Sh2-201;HII;03:03:17.87;+60:27:52.4;;;;;;
Sh2-202;HII;03:18:54.00;+59:38:00.0;;;;;;
Sh2-203;HII;03:22:59.00;+54:49:42.0;;;;;;
Sh2-204;HII;03:55:42.00;+57:26:00.0;;;;;;
Sh2-205;HII;03:52:14.00;+53:25:00.0;;;;;;
Sh2-206;HII;04:03:15.90;+51:18:54.0;4.80;4.80;90;;;
Sh2-207;HII;04:19:41.01;+53:08:31.3;3.33;3.33;90;;;
Sh2-208;HII;04:18:43.70;+52:51:47.0;2.37;1.37;90;;;
Sh2-209;HII;04:11:06.70;+51:09:44.0;5.60;5.60;90;;;
Sh2-21;HII;17:51:42.00;-28:54:00.0;;;;;;
Sh2-210;HII;04:31:08.00;+52:29:24.0;;;;;;
Sh2-211;HII;04:36:57.00;+50:52:36.0;;;;;;
Sh2-212;HII;04:40:36.52;+50:27:44.3;5.80;5.80;90;;;
Sh2-213;HII;04:20:43.20;+44:56:26.0;;;;;;
Sh2-214;HII;04:21:30.00;+44:22:00.0;;;;;;
Sh2-215;HII;04:17:36.00;+42:36:00.0;;;;;;
Sh2-216;HII;04:43:21.26;+46:42:05.8;;;;;;
Sh2-217;HII;04:58:45.70;+47:59:36.0;;;;;;
Sh2-218;HII;05:41:18.00;+52:11:00.0;;;;;;
Sh2-219;HII;04:56:05.50;+47:22:33.0;2.97;2.22;90;;;
Sh2-22;HII;17:55:06.00;-25:01:00.0;;;;;;
Sh2-220;HII;04:03:18.00;+36:25:18.0;;;;;;
Sh2-221;HII;05:01:42.00;+46:20:00.0;;;;;;
Sh2-222;HII;04:30:03.36;+35:19:30.0;13.40;13.40;0;;;
Sh2-223;HII;05:17:18.00;+42:12:00.0;;;;;;
Sh2-224;HII;05:27:18.00;+42:58:00.0;;;;;;
Sh2-225;HII;05:27:10.00;+40:37:30.0;;;;;;
Sh2-226;HII;05:11:00.14;+37:59:26.1;2.63;1.98;90;;;
Sh2-227;HII;05:19:48.00;+38:57:00.0;;;;;;
Sh2-228;HII;05:13:25.50;+37:27:01.0;4.80;4.80;90;;;
Sh2-229;HII;05:16:16.08;+34:32:31.1;1.13;0.78;90;;;
Sh2-23;HII;16:13:24.00;-08:22:00.0;;;;;;
Sh2-230;HII;05:22:30.00;+34:08:00.0;;;;;;
Sh2-231;HII;05:39:13.20;+35:45:48.0;0.59;0.59;0;;;
Sh2-232;HII;05:42:28.32;+36:11:23.5;45.63;45.63;32767;;;
Sh2-233;HII;05:38:31.50;+35:51:19.0;2.00;2.00;;;;
Sh2-234;HII;05:28:03.00;+34:24:42.0;2.43;3.75;90;;;
Sh2-235;HII;05:41:06.04;+35:50:23.3;;;;;;
Sh2-236;HII;05:22:36.00;+33:22:00.0;;;;;;
Sh2-237;HII;05:31:22.80;+34:13:58.8;13.00;13.00;90;;;
Sh2-238;HII;04:21:57.08;+19:32:06.6;;;;;;
Sh2-239;HII;04:31:18.00;+18:06:00.0;;;;;;
Sh2-24;HII;16:11:00.71;-07:01:36.1;;;;;;
Sh2-240;HII;05:41:06.00;+28:05:00.0;;;;;;
Sh2-241;HII;06:04:06.00;+30:15:00.0;2.30;1.73;90;;;
Sh2-242;HII;05:51:54.80;+27:01:56.0;3.45;4.02;90;;;
Sh2-243;HII;05:39:18.00;+23:17:00.0;;;;;;
Sh2-244;HII;05:34:31.78;+22:01:02.6;7.00;5.00;;;;
Sh2-245;HII;04:01:20.53;+03:13:29.0;;;;;;
Sh2-246;HII;05:02:06.00;+14:05:00.0;;;;;;
Sh2-247;HII;06:08:23.00;+21:35:18.0;15.70;15.70;32767;;;
Sh2-248;HII;06:17:00.00;+22:34:12.0;45.00;25.00;-1;;;
Sh2-249;HII;06:22:32.00;+22:58:30.0;;;;;;
Sh2-25;HII;18:03:37.00;-24:23:12.0;;;;;;
Sh2-250;HII;04:40:12.00;+07:22:00.0;;;;;;
Sh2-251;HII;04:32:54.00;+05:51:00.0;;;;;;
Sh2-252;HII;06:09:39.00;+20:29:12.0;;;;;;
Sh2-253;HII;06:25:48.00;+20:01:00.0;;;;;;
Sh2-254;HII;06:11:59.00;+18:03:18.0;;;;;;
Sh2-255;HII;06:13:04.10;+17:58:44.0;3.00;3.00;0;;;
Sh2-256;HII;06:12:36.00;+17:56:54.0;;;;;;
Sh2-257;HII;06:12:43.57;+17:59:33.1;2.28;2.35;90;;;
Sh2-258;HII;06:13:28.00;+17:55:30.0;;;;;;
Sh2-259;HII;06:11:23.57;+17:26:31.8;2.12;2.92;90;;;
Sh2-26;HII;17:58:54.00;-23:19:00.0;;;;;;
Sh2-260;HII;04:55:12.00;+05:40:00.0;;;;;;
Sh2-261;HII;06:08:44.00;+15:40:30.0;;;;;;
Sh2-262;HII;05:06:48.00;+06:10:00.0;;;;;;
Sh2-263;HII;05:21:44.70;+08:23:57.0;;;;;;
Sh2-264;HII;05:35:18.00;+09:56:00.0;;;;;;
Sh2-265;HII;05:18:36.00;+07:26:00.0;;;;;;
Sh2-266;HII;06:18:45.52;+15:16:52.2;1.12;1.12;90;;;
Sh2-267;HII;06:15:54.54;+14:17:56.7;5.40;5.40;90;;;
Sh2-268;HII;06:09:39.00;+12:59:24.0;;;;;;
Sh2-269;HII;06:14:38.29;+13:49:41.0;;;;;;
Sh2-27;HII;16:35:56.80;-12:43:05.0;;;;;;
Sh2-270;HII;06:10:12.52;+12:48:48.3;1.03;0.93;70;;;
Sh2-271;HII;06:15:12.37;+12:21:59.7;2.11;2.11;90;;;
Sh2-272;HII;06:15:00.00;+12:20:00.0;;;;;;
Sh2-273;HII;06:40:52.10;+09:52:37.0;240.00;240.00;0;;;
Sh2-274;HII;07:29:02.71;+13:14:48.6;10.25;10.25;90;;;
Sh2-275;HII;06:32:26.76;+04:47:37.1;;;;;;
Sh2-276;HII;05:27:30.00;-03:58:00.0;;;;;;
Sh2-277;HII;05:42:22.20;-01:55:23.0;;;;;;
Sh2-278;HII;05:19:54.00;-05:39:00.0;;;;;;
Sh2-279;HII;05:35:16.16;-04:47:06.7;20.00;30.00;90;;;
Sh2-28;HII;18:02:42.00;-23:35:00.0;;;;;;
Sh2-280;HII;06:34:22.00;+02:28:06.0;;;;;;
Sh2-281;HII;05:35:14.50;-05:22:30.0;;;;;;
Sh2-282;HII;06:38:08.00;+01:25:12.0;;;;;;
Sh2-283;HII;06:38:29.00;+00:42:18.0;;;;;;
Sh2-284;HII;06:45:28.00;+00:17:48.0;;;;;;
Sh2-285;HII;06:55:15.00;-00:29:54.0;;;;;;
Sh2-286;HII;06:54:30.00;-04:31:00.0;;;;;;
Sh2-287;HII;06:59:29.00;-04:49:12.0;;;;;;
Sh2-288;HII;07:08:37.00;-04:18:48.0;;;;;;
Sh2-289;HII;06:45:54.00;-07:18:00.0;;;;;;
Sh2-29;HII;18:10:36.00;-23:59:00.0;;;;;;
Sh2-290;HII;08:54:13.16;+08:53:52.9;16.20;16.20;90;;;
Sh2-291;HII;06:55:21.90;-08:00:25.0;9.40;9.40;90;;;
Sh2-292;HII;07:04:25.00;-10:27:18.0;;;;;;
Sh2-293;HII;07:01:49.51;-11:18:03.3;;;;;;
Sh2-294;HII;07:16:35.45;-09:25:42.5;3.43;3.37;90;;;
Sh2-295;HII;07:02:39.00;-11:27:24.0;;;;;;
Sh2-296;HII;07:05:54.00;-11:13:00.0;;;;;;
Sh2-297;HII;07:05:13.00;-12:19:00.0;;;;;;
Sh2-298;HII;07:18:30.00;-13:13:36.0;;;;;;
Sh2-299;HII;07:30:35.90;-15:17:59.0;;;;;;
Sh2-3;HII;17:12:24.00;-38:28:00.0;;;;;;
Sh2-30;HII;18:03:30.00;-23:01:00.0;;;;;;
Sh2-300;HII;07:31:08.80;-15:24:52.0;;;;;;
Sh2-301;HII;07:09:54.30;-18:29:53.0;9.00;9.00;90;;;
Sh2-302;HII;07:31:32.00;-16:59:10.0;;;;;;
Sh2-303;HII;06:54:19.40;-22:25:51.0;;;;;;
Sh2-304;HII;06:43:30.00;-24:07:00.0;;;;;;
Sh2-305;HII;07:30:04.10;-18:32:13.0;;;;;;
Sh2-306;HII;07:31:02.40;-19:09:17.0;;;;;;
Sh2-307;HII;07:35:32.91;-18:45:33.0;;;;;;
Sh2-308;HII;06:54:13.04;-23:55:42.0;;;;;;
Sh2-309;HII;07:31:48.00;-19:26:05.0;;;;;;
Sh2-31;HII;18:11:24.00;-23:47:00.0;;;;;;
Sh2-310;HII;07:24:04.80;-25:58:15.0;;;;;;
Sh2-311;HII;07:52:18.48;-26:25:40.8;;;;;;
Sh2-312;HII;08:59:12.00;-25:41:00.0;;;;;;
Sh2-313;HII;12:53:32.79;-22:52:22.6;12.87;12.87;90;;;
Sh2-32;HII;18:11:00.00;-23:38:00.0;;;;;;
Sh2-33;HII;15:59:54.00;-01:36:00.0;;;;;;
Sh2-34;HII;18:06:24.00;-21:39:00.0;;;;;;
Sh2-35;HII;18:15:54.00;-20:15:00.0;;;;;;
Sh2-36;HII;16:05:36.00;+00:23:00.0;;;;;;
Sh2-37;HII;18:17:06.00;-19:51:54.0;;;;;;
Sh2-38;HII;18:08:51.20;-18:15:36.0;;;;;;
Sh2-39;HII;18:16:52.50;-18:41:50.0;;;;;;
Sh2-4;HII;17:18:23.90;-39:19:10.0;3.30;3.30;90;;;
Sh2-40;HII;18:12:10.70;-17:42:48.0;;;;;;
Sh2-41;HII;18:15:48.00;-18:14:00.0;;;;;;
Sh2-42;HII;18:10:13.60;-16:47:49.0;2.07;1.97;;;;
Sh2-43;HII;18:16:24.00;-17:24:00.0;;;;;;
Sh2-44;HII;18:16:30.00;-16:44:00.0;;;;;;
Sh2-45;HII;18:20:21.20;-16:13:37.0;;;;;;
Sh2-46;HII;18:06:06.00;-14:09:00.0;;;;;;
Sh2-47;HII;18:17:33.99;-15:38:20.4;1.72;3.75;90;;;
Sh2-48;HII;18:22:21.65;-14:32:04.6;;;;;;
Sh2-49;HII;18:19:00.00;-13:52:00.0;;;;;;
Sh2-5;HII;17:20:12.99;-38:29:02.6;;;;;;
Sh2-50;HII;18:25:36.00;-14:42:00.0;;;;;;
Sh2-51;HII;18:40:38.80;-16:33:54.4;;;;;;
Sh2-52;HII;19:46:34.21;-23:08:13.0;1.80;1.80;;;;
Sh2-53;HII;18:25:16.30;-13:13:17.0;;;;;;
Sh2-54;HII;18:17:52.48;-11:40:58.0;;;;;;
Sh2-55;HII;18:32:12.00;-11:46:00.0;;;;;;
Sh2-56;HII;18:31:12.00;-09:43:00.0;;;;;;
Sh2-57;HII;18:30:30.00;-08:37:00.0;2.15;2.30;90;;;
Sh2-58;HII;18:31:24.00;-08:28:00.0;;;;;;
Sh2-59;HII;18:37:00.00;-07:35:00.0;;;;;;
Sh2-6;HII;17:13:44.50;-37:06:11.2;0.47;0.45;68;;;
Sh2-60;HII;18:36:42.30;-06:37:28.0;;;;;;
Sh2-61;HII;18:33:21.19;-04:58:06.0;1.50;1.50;90;;;
Sh2-62;HII;19:27:30.00;-03:47:00.0;;;;;;
Sh2-63;HII;19:57:42.00;-14:07:00.0;;;;;;
Sh2-64;HII;18:31:26.50;-02:04:22.1;8.50;8.50;90;;;
Sh2-65;HII;18:47:03.60;-03:48:04.0;;;;;;
Sh2-66;HII;18:45:30.00;-02:00:00.0;9.02;5.10;90;;;
Sh2-67;HII;18:49:21.91;-02:21:38.3;;;;;;
Sh2-68;HII;18:24:58.43;+00:51:36.0;;;;;;
Sh2-69;HII;18:44:13.80;-00:18:53.0;;;;;;
Sh2-7;HII;16:00:36.00;-22:56:00.0;;;;;;
Sh2-70;HII;18:14:36.00;+07:03:00.0;;;;;;
Sh2-71;HII;19:02:00.28;+02:09:11.0;1.66;1.66;90;;;
Sh2-72;HII;19:03:48.00;+02:19:00.0;;;;;;
Sh2-73;HII;16:10:14.10;+21:52:08.0;;;;;;
Sh2-74;HII;19:08:31.00;+05:35:50.0;;;;;;
Sh2-75;HII;18:59:14.16;+07:04:51.6;1.60;0.93;181;;;
Sh2-76;HII;18:56:24.00;+07:48:00.0;;;;;;
Sh2-77;HII;19:48:18.00;+01:09:00.0;;;;;;
Sh2-78;HII;19:03:10.08;+14:06:58.8;;;;;;
Sh2-79;HII;19:23:18.00;+13:58:00.0;;;;;;
Sh2-8;HII;17:21:30.00;-36:02:00.0;;;;;;
Sh2-80;HII;19:11:30.87;+16:51:38.2;2.01;2.01;90;;;
Sh2-81;HII;20:01:18.00;+11:47:00.0;;;;;;
Sh2-82;HII;19:30:14.90;+18:17:30.0;;;;;;
Sh2-83;HII;19:24:30.01;+20:47:34.5;4.87;4.87;32767;;;
Sh2-84;HII;19:49:07.67;+18:23:05.1;;;;;;
Sh2-85;HII;19:03:18.00;+25:49:00.0;;;;;;
Sh2-86;HII;19:43:12.00;+23:15:00.0;;;;;;
Sh2-87;HII;19:46:20.69;+24:35:15.4;4.27;4.27;0;;;
Sh2-88;HII;19:46:45.70;+25:12:56.0;;;;;;
Sh2-89;HII;19:50:04.50;+26:28:23.0;;;;;;
Sh2-9;HII;16:21:11.32;-25:35:34.1;;;;;;
Sh2-90;HII;19:49:11.70;+26:51:36.0;4.70;4.70;90;;;
Sh2-91;HII;19:35:36.00;+29:36:00.0;;;;;;
Sh2-92;HII;19:46:59.57;+28:10:21.3;1.68;7.58;90;;;
Sh2-93;HII;19:55:02.00;+27:12:48.0;;;;;;
Sh2-94;HII;19:28:16.00;+31:27:54.0;;;;;;
Sh2-95;HII;19:55:02.14;+29:17:22.2;0.79;0.79;90;;;
Sh2-96;HII;19:28:42.00;+32:41:00.0;;;;;;
Sh2-97;HII;19:56:37.00;+30:12:48.0;;;;;;
Sh2-98;HII;19:59:01.00;+31:22:30.0;;;;;;
Sh2-99;HII;20:00:53.25;+33:29:26.0;2.67;2.67;32767;;;
